model,ratio,seed,fit_seed,train_loss,sample_size_iso,sample_size_chan,nmse_iso,nmse_chan,mean_r_iso,mean_r_chan,tau12_r_chan,pi_r_iso,pi_r_chan,wall_tau12_corr_chan,c1,c2,c3,c4,extreme_total_q010_iso,extreme_captured_q010_iso,coverage_q010_iso,extreme_total_q010_chan,extreme_captured_q010_chan,coverage_q010_chan,extreme_total_q050_iso,extreme_captured_q050_iso,coverage_q050_iso,extreme_total_q050_chan,extreme_captured_q050_chan,coverage_q050_chan
Jaumann_hybrid,0.01,0,70100,1.9259435806258802,2621,2621,1.0194534579865444,1.0762515448124086,0.18618256191511087,0.11751973141074984,0.013800215538424964,0.13290137766385124,0.03516094323543867,-0.9278429740128332,0.08243470970560965,-0.30975816629008096,-0.0005720953629203269,nan,2622,28,0.010678871090770405,2622,20,0.007627765064836003,13108,113,0.008620689655172414,13108,136,0.010375343301800427
Jaumann_hybrid,0.01,1,70101,2.267982552890117,2621,2621,1.0253683773162237,1.0379280830707385,0.18295773034657162,0.09698552358815839,0.0008292980058679321,0.001771846114687105,-0.011777889683758449,-0.936109588563452,0.052108105058506896,-0.2971372779227485,-0.0006131201259568893,nan,2622,32,0.012204424103737605,2622,30,0.011441647597254004,13108,154,0.011748550503509307,13108,142,0.010833079035703387
Jaumann_hybrid,0.01,2,70102,2.0366556816875034,2621,2621,1.0217933180011107,1.0548395532533323,0.1856111178008222,0.10990445972140528,0.008656263977958602,0.07451989222942099,0.01594529726841243,-0.9319567246708718,0.06837739214413054,-0.3110112098436436,-0.0007166792015744616,nan,2622,21,0.008009153318077803,2622,26,0.009916094584286803,13108,119,0.009078425389075374,13108,125,0.009536161122978334
Jaumann_hybrid,0.01,3,70103,2.134752714096942,2621,2621,1.021956393877919,1.056085005005495,0.1847835576053364,0.1065139130708742,0.007689495554262319,0.06641081744797846,0.013047461457826847,-0.9328617097902683,0.06930101826964585,-0.3225606072559905,-0.0005376602149314122,nan,2622,20,0.007627765064836003,2622,29,0.011060259344012205,13108,103,0.007857796765334147,13108,118,0.009002136100091547
Jaumann_hybrid,0.02,0,70200,2.026148139502465,5242,5242,1.0187867531337078,1.087427370265396,0.18649659935459062,0.1202179391647173,0.015057980378510642,0.1473516086101976,0.0396477154018259,-0.9263872490651355,0.08829063819162289,-0.31608958598745585,-0.0006465835261810358,nan,2622,53,0.02021357742181541,2622,55,0.020976353928299007,13108,244,0.018614586512053707,13108,267,0.02036924015868172
Jaumann_hybrid,0.02,1,70201,2.1783217313176553,5242,5242,1.019640517325109,1.0801234938695703,0.1862298703998647,0.11592804146214962,0.012471909718800073,0.11671443825088726,0.03003516758833833,-0.9290287206551854,0.08419650236871837,-0.33428105430542776,-0.0007182004138070433,nan,2622,43,0.016399694889397406,2622,55,0.020976353928299007,13108,272,0.020750686603600854,13108,267,0.02036924015868172
Jaumann_hybrid,0.02,2,70202,2.099900447312863,5242,5242,1.0218567118895923,1.0591141813765126,0.18475642425186786,0.10587978388772938,0.007017697749434504,0.059165453428217246,0.010468160183895885,-0.9332009845528815,0.07164033629535527,-0.3413143892704969,-0.0006253497404163815,nan,2622,50,0.01906941266209001,2622,47,0.01792524790236461,13108,276,0.02105584375953616,13108,263,0.020064083002746414
Jaumann_hybrid,0.02,3,70203,2.164218651632589,5242,5242,1.0208733881959486,1.0666740441857046,0.185643391591933,0.11081447149553099,0.009495685868447989,0.08387942790075141,0.01916179565765438,-0.9314503040343229,0.07640465521185705,-0.337168263081048,-0.0007178528701551496,nan,2622,52,0.019832189168573607,2622,58,0.02212051868802441,13108,244,0.018614586512053707,13108,263,0.020064083002746414
Jaumann_hybrid,0.05,0,70500,2.1164314622931104,13107,13107,1.020264640007491,1.070331530542766,0.18589328482061443,0.11358270666093447,0.011359589001341002,0.10461685347039466,0.026097267665889014,-0.9300686346176552,0.07895794251560624,-0.32586466176226886,-0.0006451880723233575,nan,2622,133,0.050724637681159424,2622,152,0.057971014492753624,13108,631,0.04813854134879463,13108,663,0.050579798596277085
Jaumann_hybrid,0.05,1,70501,2.1352822905090476,13107,13107,1.0210235927352653,1.0632424981891908,0.18548210741087204,0.11044500809465368,0.009613842774007309,0.08573648786403201,0.019781794096505136,-0.9314532262553463,0.07453089230821697,-0.32669931509576405,-0.0006270614810702935,nan,2622,98,0.03737604881769641,2622,117,0.04462242562929062,13108,642,0.04897772352761672,13108,652,0.04974061641745499
Jaumann_hybrid,0.05,2,70502,2.0724138771819067,13107,13107,1.0209265917011632,1.068322755980717,0.18525866063660046,0.10916508859468209,0.009006499077236232,0.07956622288812684,0.01766114026622927,-0.9319234394268558,0.0776624309928545,-0.3470221275541248,-0.0006336007965590578,nan,2622,134,0.05110602593440122,2622,128,0.04881769641495042,13108,665,0.05073237717424474,13108,674,0.051418980775099175
Jaumann_hybrid,0.05,3,70503,2.1295621100830067,13107,13107,1.0202718181409256,1.065520058532429,0.1862211206654841,0.11566006606476502,0.012277161109299264,0.11441835111373484,0.029296911622216076,-0.9291953165633599,0.07605566590183908,-0.3042754038339765,-0.0006620490729618852,nan,2622,146,0.05568268497330282,2622,118,0.04500381388253242,13108,640,0.04882514494964907,13108,663,0.050579798596277085
Jaumann_hybrid,0.1,0,71000,2.1351040660788567,26214,26214,1.0205120818841542,1.0683572762291904,0.1857772529251568,0.11247026981020576,0.010684493997916135,0.0971068016493082,0.023614803366405406,-0.9306104287561351,0.07772910680571149,-0.3286731080118436,-0.0006563720533301965,nan,2622,251,0.09572845156369184,2622,302,0.11517925247902365,13108,1277,0.09742142203234666,13108,1322,0.10085444003661886
Jaumann_hybrid,0.1,1,71001,2.113270099438966,26214,26214,1.0203148309492525,1.0715831514311747,0.18573524669104713,0.11266246007052226,0.010970462878183006,0.1005689368825352,0.02475784144939827,-0.9304275241089083,0.0796909011354871,-0.33308683552862334,-0.0006272563053205356,nan,2622,248,0.09458428680396644,2622,268,0.10221205186880244,13108,1358,0.10360085444003662,13108,1343,0.10245651510527921
Jaumann_hybrid,0.1,2,71002,2.080562580979335,26214,26214,1.0200545308043842,1.0719855664317446,0.18599180640717386,0.1145741495144591,0.01194785904392567,0.11124133489650886,0.02825950196887158,-0.9295680998952061,0.07996132256688579,-0.32296815985832855,-0.0006363554509553335,nan,2622,243,0.09267734553775744,2622,251,0.09572845156369184,13108,1325,0.10108330790357034,13108,1314,0.10024412572474825
Jaumann_hybrid,0.1,3,71003,2.0737918543945146,26214,26214,1.0204721138081723,1.0673810814068183,0.18579600818487318,0.11295477059907406,0.0110670595898259,0.10150217688663823,0.025068949137233107,-0.9303295276607335,0.07720398787239456,-0.3217853909203324,-0.0006215821759602536,nan,2622,261,0.09954233409610984,2622,266,0.10144927536231885,13108,1306,0.09963381141287764,13108,1301,0.0992523649679585
Jaumann_hybrid,0.2,0,72000,2.1223040262559083,52428,52428,1.0204722509322024,1.0679645912535651,0.18578137448534401,0.11277121028405573,0.01094356814244909,0.10010762638231885,0.024608308753997082,-0.9304254235894791,0.07754612631933729,-0.32468124111186464,-0.0006307335769852003,nan,2622,548,0.20900076277650648,2622,520,0.19832189168573608,13108,2618,0.19972535855965823,13108,2660,0.20292950869697896
Jaumann_hybrid,0.2,1,72001,2.0956143422886413,52428,52428,1.0199588900365357,1.070688112476577,0.1861276226129335,0.11573788987432965,0.012562839058029927,0.1181308306335251,0.03048407228365965,-0.9289983001760428,0.0792471057861237,-0.3129893992068934,-0.00062862265718963,nan,2622,522,0.19908466819221968,2622,532,0.2028985507246377,13108,2583,0.1970552334452243,13108,2653,0.20239548367409216
Jaumann_hybrid,0.2,2,72002,2.0881789706704783,52428,52428,1.0218899612512924,1.0583814557120053,0.18477348058651308,0.10597881302906338,0.007076116925990153,0.05974568820589671,0.010677395346606174,-0.933165484502794,0.07113525361805016,-0.3382952537438933,-0.0006202057328898767,nan,2622,489,0.18649885583524028,2622,498,0.18993135011441648,13108,2553,0.19476655477570948,13108,2630,0.20064083002746413
Jaumann_hybrid,0.2,3,72003,2.123190303375179,52428,52428,1.0211285174900093,1.0641446609681298,0.1852634927039135,0.109150792786406,0.00897622357996704,0.07920999673111533,0.017539126622674515,-0.9319387582036317,0.07508075539619416,-0.3358816764143813,-0.0006177299909589534,nan,2622,549,0.20938215102974828,2622,537,0.2048054919908467,13108,2655,0.20254806225205982,13108,2695,0.20559963381141289
Jaumann_hybrid,0.5,0,75000,2.1292256271120973,131072,131072,1.0207223625930253,1.0649713750146432,0.1856938389204653,0.11202944579968309,0.010511728027506677,0.09537101674316387,0.023032702096464082,-0.930768589691876,0.07568103468994282,-0.3217283920229585,-0.0006246621901232735,nan,2622,1337,0.5099160945842868,2622,1316,0.501906941266209,13108,6565,0.5008391821788221,13108,6586,0.5024412572474825
Jaumann_hybrid,0.5,1,75001,2.1356308319199817,131072,131072,1.020223826120477,1.0689766808140375,0.18596644047622812,0.11430294845907059,0.011785270477854196,0.10939784778198477,0.027660386570697085,-0.929708450961635,0.07819896827846491,-0.3177575844175922,-0.0006273760121121266,nan,2622,1302,0.4965675057208238,2622,1335,0.5091533180778032,13108,6520,0.4974061641745499,13108,6590,0.5027464144034177
Jaumann_hybrid,0.5,2,75002,2.1133639345232393,131072,131072,1.0207322511778976,1.0653976398623792,0.18568189251647896,0.11183437158837543,0.010364808181332065,0.09371101419178812,0.02247838205660087,-0.9308738874012638,0.07593088292270533,-0.3245374843913161,-0.0006369131902873804,nan,2622,1252,0.4774980930587338,2622,1302,0.4965675057208238,13108,6400,0.4882514494964907,13108,6534,0.49847421422032345
Jaumann_hybrid,0.5,3,75003,2.1256595330612282,131072,131072,1.0205716584804694,1.0675823586769715,0.1856719023631124,0.11207807404399846,0.010616858917808551,0.09665897888311199,0.023459734211642082,-0.9307064559228982,0.07730503639962315,-0.3272132603798169,-0.0006190300602978773,nan,2622,1324,0.5049580472921434,2622,1341,0.511441647597254,13108,6512,0.4967958498626793,13108,6572,0.5013732072017089
Champion,0.01,0,71100,2.411825489235615,2621,2621,0.9694985237260187,1.0498775205262327,0.2980180747063932,0.3000647843009501,0.27914164521300444,0.9722763378725051,0.6046867664497737,-0.5893687679992131,0.03500079318718274,0.5131355707514128,2.6857180199387774e-06,nan,2622,24,0.009153318077803204,2622,29,0.011060259344012205,13108,120,0.0091547146780592,13108,140,0.010680500457735734
Champion,0.01,1,71101,2.3125788051686342,2621,2621,0.966830804687466,1.053224458192361,0.30052233725118277,0.2962221589681049,0.2605930853701662,0.9665773847356144,0.6070553305129724,-0.5861245140008255,0.04887517807859694,0.49641110147490564,2.6056795696200804e-06,nan,2622,28,0.010678871090770405,2622,28,0.010678871090770405,13108,119,0.009078425389075374,13108,134,0.010222764723832774
Champion,0.01,2,71102,2.6873407669551668,2621,2621,0.969123154067478,1.049869371287181,0.3005147550102312,0.29643480296247915,0.2615992203656891,0.9669018845316122,0.6069995549799319,-0.5862874109867751,0.04626807536817234,0.4772860032866793,2.8860101666828214e-06,nan,2622,25,0.009534706331045004,2622,25,0.009534706331045004,13108,131,0.009993896856881294,13108,130,0.009917607567897467
Champion,0.01,3,71103,2.4824615149436546,2621,2621,0.9732769611312914,1.0448006309788587,0.3003415260607379,0.2974348070623183,0.26613972213069415,0.968338744751148,0.6066597731624314,-0.5870365582126482,0.040373774014570034,0.4486408121167139,2.780010447288794e-06,nan,2622,31,0.011823035850495805,2622,26,0.009916094584286803,13108,110,0.008391821788220934,13108,122,0.009307293256026854
Champion,0.02,0,71200,2.4817999211911834,5242,5242,0.9752062177718221,1.0431673509920112,0.3005168550494378,0.29590099870419834,0.2592434993494903,0.9661384326434588,0.6071200025865979,-0.5859039397069633,0.04227472819666347,0.42071824019109644,2.669948633240666e-06,nan,2622,55,0.020976353928299007,2622,51,0.019450800915331808,13108,277,0.021132133048519988,13108,237,0.01808056148916692
Champion,0.02,1,71201,2.5772603249944153,5242,5242,0.9677228057486743,1.0511251695077644,0.29974915953684694,0.2986402671543824,0.2717316596311097,0.9700559543135722,0.6060210559199861,-0.5879938070700482,0.04142056574793846,0.510803901838135,2.6867353411255924e-06,nan,2622,64,0.02440884820747521,2622,56,0.02135774218154081,13108,279,0.02128471162648764,13108,262,0.019987793713762587
Champion,0.02,2,71202,2.5101552981310626,5242,5242,0.969589629304413,1.048978644713326,0.3004298668371794,0.2970907968587147,0.264545165473532,0.9678389968911916,0.6067959209369227,-0.5867717705717357,0.04423444234300783,0.47845076746550963,2.8147099911023223e-06,nan,2622,59,0.02250190694126621,2622,54,0.020594965675057208,13108,277,0.021132133048519988,13108,268,0.020445529447665547
Champion,0.02,3,71203,2.274860405958137,5242,5242,0.9822035635921882,1.0379405069441736,0.2999041752501526,0.2933631124952141,0.24830614926293293,0.9624010163489597,0.6072257447215448,-0.5841421774714224,0.04093604053980984,0.35086297454067555,2.7400215137397033e-06,nan,2622,40,0.015255530129672006,2622,55,0.020976353928299007,13108,209,0.015944461397619774,13108,264,0.02014037229173024
Champion,0.05,0,71500,2.436651163040648,13107,13107,0.9722980053361634,1.0458081821010436,0.30021268642853277,0.29779722111616275,0.26781927408083583,0.9688599329297647,0.6064953513584188,-0.5873188515014619,0.04022305172207306,0.4603966377597809,2.8857971699265056e-06,nan,2622,124,0.04729214340198322,2622,131,0.04996186117467582,13108,622,0.04745193774794019,13108,678,0.05172413793103448
Champion,0.05,1,71501,2.513873267337152,13107,13107,0.9722674085449499,1.0458337285062096,0.3003132399580573,0.2975253935128544,0.26655451145132747,0.9684679372683862,0.6066212044499771,-0.5871060171836869,0.04094449772729909,0.45826785238302203,2.82910278230188e-06,nan,2622,143,0.05453852021357742,2622,135,0.05148741418764302,13108,668,0.050961245041196215,13108,655,0.04996948428440647
Champion,0.05,2,71502,2.4343264021274043,13107,13107,0.9739062604685622,1.0443311728406426,0.30051448454387336,0.29642998033908347,0.26162348334685653,0.9669097003929369,0.6069982283973175,-0.5862905079810934,0.04219519474194949,0.4354362196534901,2.911941888666122e-06,nan,2622,114,0.043478260869565216,2622,142,0.05415713196033562,13108,664,0.05065608788526091,13108,680,0.051876716509002135
Champion,0.05,3,71503,2.424814746534,13107,13107,0.976849265334502,1.0416464514147203,0.3005165210342831,0.2958889093205009,0.25921066589558334,0.966127707495252,0.6071214719885394,-0.5858982207659681,0.040926705698135786,0.40710360457614764,2.7038830044385554e-06,nan,2622,129,0.04919908466819222,2622,135,0.05148741418764302,13108,630,0.0480622520598108,13108,680,0.051876716509002135
Champion,0.1,0,72000,2.611306416922311,26214,26214,0.9726019752919197,1.045480395660179,0.30022626517870604,0.2977668594711665,0.267663392432093,0.9688117681828408,0.6065115173445411,-0.587292756123096,0.040073796450802376,0.45740466059934554,2.7783630838186044e-06,nan,2622,295,0.11250953470633104,2622,254,0.09687261632341723,13108,1301,0.0992523649679585,13108,1327,0.10123588648153799
Champion,0.1,1,72001,2.3468421167884754,26214,26214,0.9730282145357321,1.045048634704355,0.3003094038031433,0.29753805887591706,0.2666082732712439,0.9684846571497436,0.606616098901323,-0.587115111889292,0.040317472652234725,0.4516733746127476,2.760989037566348e-06,nan,2622,266,0.10144927536231885,2622,292,0.11136536994660565,13108,1265,0.09650595056454074,13108,1358,0.10360085444003662
Champion,0.1,2,72002,2.433103891989824,26214,26214,0.9726504251689982,1.0454355246823763,0.3003333050516837,0.2974625137889715,0.2662637023820384,0.9683773930733516,0.6066483768516981,-0.5870573489662614,0.0408002830828021,0.4543527077193302,2.795480625994081e-06,nan,2622,261,0.09954233409610984,2622,265,0.10106788710907703,13108,1272,0.09703997558742752,13108,1365,0.10413487946292341
Champion,0.1,3,72003,2.5344168521857724,26214,26214,0.9754314892023641,1.0428016768482442,0.3003296478453954,0.29747308852939564,0.2663180006992515,0.9683943130035572,0.6066433647687792,-0.5870663318783423,0.03861168843765991,0.4303850296396276,2.680666337926972e-06,nan,2622,273,0.10411899313501144,2622,271,0.10335621662852784,13108,1362,0.10390601159597193,13108,1351,0.10306682941714983
Champion,0.2,0,73000,2.4092121830477775,52428,52428,0.9746936577899573,1.043445858984447,0.300432170246364,0.2970710060463047,0.26449513975919026,0.967823252636983,0.6067999813734827,-0.5867627591431765,0.04011411232386839,0.4335239851025414,2.7856214826739865e-06,nan,2622,476,0.18154080854309687,2622,541,0.20633104500381388,13108,2533,0.19324076899603296,13108,2604,0.19865730851388466
Champion,0.2,1,73001,2.511881741722472,52428,52428,0.9725221391874059,1.0455743892336133,0.30013360369439773,0.29798104455316965,0.26865717396813665,0.969118084856941,0.6064048471993335,-0.5874614308851174,0.03958233687422042,0.46003294525111543,2.7658098868065654e-06,nan,2622,532,0.2028985507246377,2622,503,0.19183829138062547,13108,2689,0.2051418980775099,13108,2606,0.1988098870918523
Champion,0.2,2,73002,2.4801520319756944,52428,52428,0.9741707133791314,1.0439359066205174,0.30040689989030206,0.2971870772738892,0.26501958490563987,0.967988219790955,0.6067574480785428,-0.5868497522269384,0.040258252421157985,0.4389077403442938,2.7972973596372285e-06,nan,2622,519,0.19794050343249428,2622,557,0.2124332570556827,13108,2666,0.2033872444308819,13108,2754,0.21010070186145866
Champion,0.2,3,73003,2.522783372351816,52428,52428,0.9710998809325068,1.0470782328078472,0.3001348904244506,0.29797865754441977,0.2686443466329072,0.9691141410149928,0.6064062720087361,-0.5874592747066294,0.04068623016045757,0.47275083372500254,2.832171948051166e-06,nan,2622,534,0.2036613272311213,2622,506,0.19298245614035087,13108,2636,0.20109856576136712,13108,2679,0.20437900518767166
Champion,0.5,0,76000,2.47208139483376,131072,131072,0.9734059110368549,1.044670775418158,0.30030963772632613,0.29753568813086234,0.26660510387860464,0.9684836743577514,0.6066164172631316,-0.5871144419724492,0.040024397768476154,0.4483652614743221,2.7868985226211647e-06,nan,2622,1265,0.4824561403508772,2622,1290,0.4919908466819222,13108,6487,0.4948886176380836,13108,6591,0.5028227036924016
Champion,0.5,1,76001,2.458857489835273,131072,131072,0.9737504540777011,1.0443388489921661,0.3002617794561843,0.29767128490276945,0.26723620403430653,0.9686795757672901,0.606554949318579,-0.5872204085142003,0.039419667935971535,0.44652242391535896,2.805178604706118e-06,nan,2622,1272,0.4851258581235698,2622,1295,0.4938977879481312,13108,6485,0.494736039060116,13108,6482,0.49450717119316445
Champion,0.5,2,76002,2.5091708852790955,131072,131072,0.9725039129356817,1.0455800103440411,0.30023885753342133,0.29773453413373907,0.2675153545409479,0.9687659933947759,0.6065267250297933,-0.5872677208327822,0.04023155973977402,0.4579897894565704,2.7937073870290497e-06,nan,2622,1340,0.5110602593440122,2622,1255,0.4786422578184592,13108,6592,0.5028989929813854,13108,6500,0.49588037839487337
Champion,0.5,3,76003,2.4756619331644987,131072,131072,0.9728744131199539,1.0452049083886976,0.3002235923680166,0.29777316383687225,0.2676943776871552,0.9688213450278826,0.6065083167780049,-0.5872979623798616,0.03984606768058575,0.45505834246142407,2.7743046086860023e-06,nan,2622,1323,0.5045766590389016,2622,1311,0.5,13108,6630,0.5057979859627708,13108,6631,0.5058742752517547
