objective,seed,fit_seed,lambda_pi,lambda_diss,train_loss,constants,nmse_iso,nmse_chan,mean_r_iso,mean_r_chan,tau12_r_chan,pi_r_iso,pi_r_chan,pi_bias_iso,pi_bias_chan,pi_rmse_iso,pi_rmse_chan,neg_frac_iso,neg_frac_chan,wall_tau12_corr_chan
NMSE_only,0,30000,0.0,0.0,2.0207504418140916,"{'c1': 0.041016981202789876, 'c2': 0.44083943259639025, 'c3': 2.7525599958300435e-06}",0.9737730582174847,1.0443414936592377,0.3004465423230321,0.29700033305695056,0.2641609441035217,0.9677178316376064,0.6068260072493024,-0.025929196092132123,0.0012013577935718223,2.3214655929768657,0.00906455038524875,0.3937644958496094,0.4798851013183594,-0.5867077453782211
NMSE_only,1,30001,0.0,0.0,2.0716363626575753,"{'c1': 0.03977094677484007, 'c2': 0.46913629363215037, 'c3': 2.7926250863219804e-06}",0.9716819856581753,1.0464589716168677,0.30004874108646834,0.298151488177498,0.2694534518928048,0.9693623493547462,0.6063134518689693,-0.025532876601544366,0.001221281328070176,2.29914229767369,0.009053896003944031,0.3912467956542969,0.4792213439941406,-0.5875976220383412
NMSE_only,2,30002,0.0,0.0,1.9785170814202768,"{'c1': 0.037453380346474746, 'c2': 0.46054202095829205, 'c3': 2.8005793375855948e-06}",0.973130596344686,1.0450992723187225,0.29977077673255864,0.29859673549172433,0.2715878276960292,0.970012394688621,0.6060410623707121,-0.02572917041343618,0.0012197455570522756,2.307772258654655,0.009059956936651885,0.3901824951171875,0.478973388671875,-0.5879674676770485
NMSE_only,3,30003,0.0,0.0,1.9712089132509276,"{'c1': 0.03910210483907589, 'c2': 0.453652922983645, 'c3': 2.8482844290328514e-06}",0.9732220991194546,1.0448780276342735,0.3001431599058546,0.2979562249445108,0.268561611960598,0.9690887083658958,0.6064155015028775,-0.02578777284790635,0.0012126415807485035,2.3122817031451444,0.009059748450361558,0.3916740417480469,0.4793891906738281,-0.5874448012355351
NMSE_only,4,30004,0.0,0.0,2.021823556861525,"{'c1': 0.03963304646510608, 'c2': 0.46482364316632047, 'c3': 2.8127579000227167e-06}",0.972093492548979,1.0460228381751004,0.30008261671528924,0.2980846704967823,0.2691464504522892,0.9692682960177351,0.6063493383609134,-0.025602511302851627,0.0012187937957338028,2.302768322940376,0.009054927266431785,0.3914031982421875,0.47925567626953125,-0.5875448986719459
NMSE_only,5,30005,0.0,0.0,2.0491777307775854,"{'c1': 0.042595871996655994, 'c2': 0.4811589709253065, 'c3': 2.772151481806583e-06}",0.9698289631999306,1.0485522680510893,0.30027417788000077,0.29764581581825394,0.26707892718756654,0.9686308088631149,0.6065704741846786,-0.025270025112595355,0.0012241284468692754,2.2873674265844053,0.009049490912040156,0.39249420166015625,0.47960662841796875,-0.5871946340951678
NMSE_only,6,30006,0.0,0.0,2.050830114041171,"{'c1': 0.04120030196800112, 'c2': 0.4673800286878839, 'c3': 2.7674459147298767e-06}",0.9714064191531213,1.0467452746811314,0.3002550642688745,0.2976951173996794,0.2673191037243996,0.9687052454461825,0.6065465800834174,-0.0255193986350324,0.0012177803822336138,2.299601406854283,0.009051938342792042,0.3924064636230469,0.47962188720703125,-0.5872348616427934
NMSE_only,7,30007,0.0,0.0,2.03747931272289,"{'c1': 0.03907901274377276, 'c2': 0.46046049199627925, 'c3': 2.906655213886713e-06}",0.9726376973367137,1.0454939887948755,0.3000554113054967,0.2981329628661112,0.26939425085217267,0.9693442326723196,0.6063204932245442,-0.025684638301844438,0.0012169712130839759,2.3067216789608684,0.009057074098919326,0.3912696838378906,0.4792366027832031,-0.5875869856590457
NMSE_only,8,30008,0.0,0.0,1.9582173189031054,"{'c1': 0.0400949421930275, 'c2': 0.4446515227725296, 'c3': 2.754526771169707e-06}",0.9737114633837424,1.044374549282738,0.30034904462998463,0.2974095261078041,0.2660235620624886,0.9683025066453474,0.6066703372124291,-0.02589704330297561,0.0012053049897629196,2.318974372205164,0.009063251800386914,0.3930511474609375,0.4796257019042969,-0.5870171518376665
NMSE_only,9,30009,0.0,0.0,1.99259731570001,"{'c1': 0.04006965378257665, 'c2': 0.4587908306402081, 'c3': 2.791874138198211e-06}",0.9724829934911222,1.0456029113186633,0.30021106946784304,0.29780413179566884,0.26783741849390524,0.9688655310186023,0.6064934220787973,-0.025682190575386038,0.0012142598568772609,2.3074095725484245,0.009056015071480041,0.39208221435546875,0.47945404052734375,-0.5873221672479982
NMSE_only,10,30010,0.0,0.0,1.9736375345757329,"{'c1': 0.03962053573397036, 'c2': 0.43282933874580715, 'c3': 2.773370586047107e-06}",0.9749047337682514,1.0432458953621684,0.3004006401133426,0.29721287796990176,0.26513978180394443,0.9680259520788919,0.6067474236681797,-0.026090644114347823,0.0011986474821331472,2.3289869456383196,0.009073370795780432,0.3934288024902344,0.4797859191894531,-0.5868696648002343
NMSE_only,11,30011,0.0,0.0,2.026831660709389,"{'c1': 0.04196328756704795, 'c2': 0.4566950480337232, 'c3': 2.786571469093843e-06}",0.9721040102832783,1.046044374854028,0.30041218354254606,0.2971685491924027,0.26491505879869826,0.9679553765302116,0.6067660386338667,-0.02566081506503331,0.0012097672521368854,2.3078295903315746,0.009053997748610185,0.3934974670410156,0.4798240661621094,-0.5868327731379632
NMSE_plus_backscatter,0,30100,1.0,0.0,1.484259235890537,"{'c1': 0.03890602484155245, 'c2': 0.4573176343069694, 'c3': 2.781534639872899e-06}",0.9729628186371188,1.045147786543038,0.3000696239276091,0.29810952290774345,0.26926581838120905,0.9693048851154554,0.6063354925875297,-0.02573741973018171,0.0012152801709284576,2.309414608987068,0.009058498784447793,0.3913841247558594,0.4792442321777344,-0.58756528794943
NMSE_plus_backscatter,1,30101,1.0,0.0,1.5628480888950076,"{'c1': 0.039733250584915863, 'c2': 0.4773109627774113, 'c3': 2.757499814919518e-06}",0.9709976044379621,1.0472185079273084,0.29993401727001207,0.29835553756128513,0.27040667053940737,0.9696534630928392,0.6061968322572312,-0.02540930624209751,0.0012264973888596903,2.292475205980464,0.009053530331130714,0.39083099365234375,0.4791450500488281,-0.5877621181335595
NMSE_plus_backscatter,2,30102,1.0,0.0,1.4954928708577715,"{'c1': 0.03937691677693096, 'c2': 0.43515453198309845, 'c3': 2.747333067436163e-06}",0.9747708519526737,1.0433723862903272,0.3003619007504268,0.2973628679638503,0.26581851300113696,0.9682384788029005,0.6066887560153476,-0.026062053849558897,0.0012005212389985776,2.327248782992296,0.00907168737672012,0.39315032958984375,0.4796409606933594,-0.5869827669422545
NMSE_plus_backscatter,3,30103,1.0,0.0,1.5136970904771614,"{'c1': 0.03869298418301942, 'c2': 0.4414823108680062, 'c3': 2.823772639118235e-06}",0.9744169380619598,1.0437192667777948,0.3002280412654605,0.2977571691334673,0.2676429825704054,0.9688054680747761,0.606513678449666,-0.02598484518462856,0.0012056552056667477,2.322533566815382,0.009067768350689384,0.3922119140625,0.4795494079589844,-0.5872888745699169
NMSE_plus_backscatter,4,30104,1.0,0.0,1.5218042843398714,"{'c1': 0.04182847258324101, 'c2': 0.43770490815483143, 'c3': 2.8402662132355072e-06}",0.9738117061767017,1.0443627942825164,0.30049882601855366,0.29663035510527175,0.2625082128076378,0.9671930628008354,0.6069432444301199,-0.025954136167065975,0.0011980226282816777,2.3234781963579434,0.009065853763387113,0.3945579528808594,0.4801139831542969,-0.5864355045795088
NMSE_plus_backscatter,5,30105,1.0,0.0,1.546372803345969,"{'c1': 0.04118154786027499, 'c2': 0.4556184993036658, 'c3': 2.7639653619559103e-06}",0.9724272750174019,1.045674521000703,0.30035775949357274,0.29738146451599895,0.2658852846552793,0.9682593316396684,0.606682758026004,-0.025699241853206684,0.00121039801169175,2.3092461164153484,0.009055571509022026,0.3931427001953125,0.4796409606933594,-0.5869942396427187
NMSE_plus_backscatter,6,30106,1.0,0.0,1.489157362034319,"{'c1': 0.040631325673904053, 'c2': 0.44128066007294264, 'c3': 2.89437931054796e-06}",0.9738487193076981,1.0442696495565522,0.3004183434350788,0.29713384295394146,0.2647908052160759,0.9679163286826512,0.6067762767991614,-0.02593333644606249,0.0012022814886142783,2.3213683066322064,0.009064795117923264,0.3935089111328125,0.4798316955566406,-0.5868115516872537
NMSE_plus_backscatter,7,30107,1.0,0.0,1.5368920573984701,"{'c1': 0.03870842712981572, 'c2': 0.46244809753797766, 'c3': 2.784482137481744e-06}",0.972578940705425,1.0455590579068526,0.2999698774098549,0.2982915461734854,0.27012166611495314,0.9695665694287074,0.6062325721926417,-0.025664765906880643,0.0012188450587168032,2.30534835849225,0.009057109499692994,0.3909111022949219,0.4791221618652344,-0.5877125189088652
NMSE_plus_backscatter,8,30108,1.0,0.0,1.5499262008096044,"{'c1': 0.041380624527573046, 'c2': 0.48196522946209475, 'c3': 2.7588859623229127e-06}",0.9701150758253001,1.0481852893038035,0.30012180821589446,0.2980105955851367,0.26877331442399177,0.9691537681253386,0.6063918021944064,-0.025291955411819105,0.0012266720582730073,2.2875375526628896,0.009051325408973828,0.391632080078125,0.4793128967285156,-0.5874816112830217
NMSE_plus_backscatter,9,30109,1.0,0.0,1.4641098054823642,"{'c1': 0.04225201738459527, 'c2': 0.4441794866805521, 'c3': 2.7635250606778167e-06}",0.9731147357883834,1.0450599606148012,0.3004918666318503,0.2966989389572304,0.262797466449556,0.9672853226514152,0.6069240694990657,-0.025843494090247065,0.0012013946407950222,2.3178838952416165,0.00906043027916195,0.3944549560546875,0.4800682067871094,-0.5864833009046881
NMSE_plus_backscatter,10,30110,1.0,0.0,1.5090980719683598,"{'c1': 0.04050556652060044, 'c2': 0.4549665994156692, 'c3': 2.7828342088026872e-06}",0.97268472045065,1.0453957308417365,0.3002985649443873,0.297570377437971,0.26675750790512553,0.9685310458125339,0.6066018384733117,-0.025728218129470473,0.001211119214690394,2.310243011530024,0.009056877201472302,0.3926544189453125,0.4795341491699219,-0.5871401432851985
NMSE_plus_backscatter,11,30111,1.0,0.0,1.5385491318225295,"{'c1': 0.03910750792181263, 'c2': 0.4650549963073542, 'c3': 2.8153251317526533e-06}",0.9722327105324727,1.045899867504856,0.2999992706402017,0.29823998019955517,0.26987966281387843,0.9694926877124074,0.6062623244983649,-0.02561378413494768,0.001219819820684021,2.302939436447056,0.009055756760791457,0.39102935791015625,0.4791755676269531,-0.5876707457708656
NMSE_plus_dissipation,0,30200,0.0,1.0,2.9438727759879026,"{'c1': 0.041071167699971343, 'c2': 0.4400478662688769, 'c3': 2.7021118993483563e-06}",0.9738271255270894,1.0443024277732909,0.3004541162572418,0.2969601526336315,0.26397123576684084,0.9676578861837775,0.6068404235439038,-0.025939735902427215,0.0012007682043215224,2.3220770446743346,0.009065071141846787,0.3938636779785156,0.4799079895019531,-0.5866765607079241
NMSE_plus_dissipation,1,30201,0.0,1.0,2.97807206788146,"{'c1': 0.039840560791546256, 'c2': 0.4370015943112566, 'c3': 2.8021705789976877e-06}",0.9744658521103828,1.0436526637428438,0.30038759888730876,0.2972653858879584,0.26537985987986273,0.9681012301639264,0.606727070786756,-0.0260208394147408,0.0012009088516074051,2.325416867270678,0.009069374260025171,0.3932762145996094,0.479766845703125,-0.5869095660599565
NMSE_plus_dissipation,2,30202,0.0,1.0,3.00908563016829,"{'c1': 0.0407676457766289, 'c2': 0.4530757758257077, 'c3': 2.840868084095733e-06}",0.9727714485881351,1.0453168003386648,0.3003410432548164,0.297435225885931,0.26614716581034614,0.968341068113694,0.6066591050888316,-0.02574966766982331,0.00120948826317565,2.3116121893071084,0.009057358206356518,0.39299774169921875,0.4795951843261719,-0.5870377032724533
NMSE_plus_dissipation,3,30203,0.0,1.0,2.9714757962131526,"{'c1': 0.04272569819556177, 'c2': 0.46241345905237796, 'c3': 2.7573035868071135e-06}",0.9713878995433723,1.0468483214813258,0.3004281916550422,0.29709756954289596,0.2645818255695185,0.9678505453107233,0.6067930135358579,-0.025552160747998882,0.0012120949543929828,2.3026256545188706,0.00905096191930536,0.39357757568359375,0.47986602783203125,-0.5867777323867246
NMSE_plus_dissipation,4,30204,0.0,1.0,2.8420145093940143,"{'c1': 0.03930816423450519, 'c2': 0.4395077179483396, 'c3': 2.8810568468051313e-06}",0.9744042987997198,1.0437242210742985,0.30031736825990435,0.2975065159194158,0.2664963490323727,0.9684498515190665,0.6066267560833277,-0.025997628016921334,0.0012033800608827825,2.323728821265081,0.009068223065213415,0.392822265625,0.47956085205078125,-0.5870957563251248
NMSE_plus_dissipation,5,30205,0.0,1.0,3.030928254132275,"{'c1': 0.04144600289534123, 'c2': 0.4532041256727902, 'c3': 2.732940912476129e-06}",0.9725595223398363,1.0455551531174971,0.30039760086030864,0.29723142609239656,0.2651964504768847,0.9680437203654759,0.6067425946132351,-0.025728602297710658,0.0012084332822762049,2.3110426503453305,0.009056294404057863,0.39340972900390625,0.4797706604003906,-0.5868795877360037
NMSE_plus_dissipation,6,30206,0.0,1.0,2.9573324104692587,"{'c1': 0.03812352426624456, 'c2': 0.45020628792457784, 'c3': 2.8057887596324163e-06}",0.9738233252719817,1.044329838845038,0.30004205505459486,0.29815940489325954,0.26951269743992323,0.969380490544159,0.6063064845475404,-0.025867876142179183,0.0012121081025121593,2.315777576790107,0.009063200380089474,0.39122772216796875,0.4792060852050781,-0.5876074124272651
NMSE_plus_dissipation,7,30207,0.0,1.0,3.0147377871576317,"{'c1': 0.042955018260218095, 'c2': 0.44512080369422224, 'c3': 2.794737858823791e-06}",0.972827976682904,1.045413000133414,0.3005106371078888,0.29649575825616586,0.2618888460956449,0.9669948646138079,0.6069822391136264,-0.025809346833356263,0.0012008104939344828,2.3166323279013956,0.009058882392633716,0.3948097229003906,0.4802818298339844,-0.5863344143204923
NMSE_plus_dissipation,8,30208,0.0,1.0,3.041883653053683,"{'c1': 0.04007970357808249, 'c2': 0.4496023830838406, 'c3': 2.79243800307321e-06}",0.9732807765526297,1.044794528569941,0.3003039644700833,0.2975528382057615,0.2666837661609412,0.9685081314173708,0.6066089228357562,-0.025821993846865468,0.001208451156491404,2.3149289154978976,0.009060239977381184,0.3927040100097656,0.4795265197753906,-0.5871276417190258
NMSE_plus_dissipation,9,30209,0.0,1.0,3.040838908784861,"{'c1': 0.043575989450364006, 'c2': 0.4495524254916676, 'c3': 2.7572537319889222e-06}",0.9722606787356676,1.0460507033278725,0.30051469306216017,0.2964346017748825,0.2616045116439022,0.9669035874834719,0.6069992572767217,-0.02572429353747456,0.0012025639887303012,2.312578288461293,0.009055393106713749,0.3950004577636719,0.480316162109375,-0.5862881580256298
NMSE_plus_dissipation,10,30210,0.0,1.0,3.0673402786157027,"{'c1': 0.04019581125542312, 'c2': 0.48615560380372047, 'c3': 2.8079221928750256e-06}",0.970114423329599,1.0482075936373323,0.29988839853133636,0.29842850591359077,0.2707547845255042,0.9697594465278787,0.6061522397019345,-0.025261437640292768,0.0012312976964548136,2.2849183292909045,0.009053921915564684,0.3906745910644531,0.47907257080078125,-0.5878224944073269
NMSE_plus_dissipation,11,30211,0.0,1.0,2.8994574392149444,"{'c1': 0.039262703292922606, 'c2': 0.431912103671157, 'c3': 2.813068891426705e-06}",0.9750954897558084,1.0430719912222521,0.3003779024036677,0.2973010608712495,0.2655504516633548,0.9681546543719548,0.6067123646894691,-0.026114707128782767,0.001198668529937156,2.3299843962713656,0.00907480089206021,0.39327239990234375,0.479736328125,-0.5869378226911246
Full_objective,0,30300,1.0,1.0,2.4127173093649725,"{'c1': 0.03897890432540691, 'c2': 0.4102677093204808, 'c3': 2.7401213304572507e-06}",0.9771466723745359,1.041305376254387,0.30048992559309573,0.29670842219297294,0.2628732831607993,0.9673094907140399,0.6069190349628807,-0.02645268440207178,0.0011855006518820032,2.3479221905547587,0.009100532400739669,0.39443206787109375,0.4800872802734375,-0.5864951277825072
Full_objective,1,30301,1.0,1.0,2.319869030145856,"{'c1': 0.04098936265397965, 'c2': 0.4407996548881477, 'c3': 2.8442421119825025e-06}",0.97378477413007,1.04433245989438,0.300445094525768,0.29700476642960855,0.26419635464636065,0.9677290182054492,0.606823319294331,-0.02593058462829701,0.0012013787536934775,2.321517075207702,0.009064620587628079,0.3937492370605469,0.4798736572265625,-0.5867133146427841
Full_objective,2,30302,1.0,1.0,2.4693202198421718,"{'c1': 0.0408738661718944, 'c2': 0.47044152607562434, 'c3': 2.702710027716769e-06}",0.9712410881406739,1.0469314573765969,0.3001849742495452,0.29787154024213053,0.26812512550776146,0.9689542899803284,0.6064629082809475,-0.025481913160235507,0.0012202570629869804,2.2973180858154416,0.009051980929104154,0.3919525146484375,0.4794349670410156,-0.5873713616079501
Full_objective,3,30303,1.0,1.0,2.4476277438896674,"{'c1': 0.03994724933135174, 'c2': 0.41379946423687636, 'c3': 2.7516612326403804e-06}",0.9765281333335908,1.0418374957098027,0.3005110318058713,0.2964845432167145,0.2618652119951794,0.9669872963853056,0.6069837377052849,-0.026371570170022566,0.0011861050032249637,2.3443609881592016,0.009094196849264841,0.39482879638671875,0.4802894592285156,-0.5863300502826421
Full_objective,4,30304,1.0,1.0,2.3875435682750283,"{'c1': 0.039784802606011506, 'c2': 0.44108295492829386, 'c3': 2.727408270269983e-06}",0.9741202588928206,1.0439851632324204,0.30035013063236554,0.2974060022490889,0.26600654588814576,0.9682971956979913,0.6066718742552021,-0.025960182063171466,0.0012035750746380686,2.322110938347783,0.009066255842654782,0.3930778503417969,0.47963714599609375,-0.587014325212766
Full_objective,5,30305,1.0,1.0,2.5143710541646103,"{'c1': 0.03989877102869168, 'c2': 0.45737599995588096, 'c3': 2.7362351245805984e-06}",0.9726570518852617,1.0454308575183142,0.30020521357794416,0.29781994990942334,0.2679031160016185,0.9688858108324702,0.6064865091736772,-0.025708570640113493,0.0012136543681810466,2.3086855404647944,0.009056824002706214,0.3920745849609375,0.47942352294921875,-0.5873334247328206
Full_objective,6,30306,1.0,1.0,2.546747437478424,"{'c1': 0.03997867751176753, 'c2': 0.4591675054416941, 'c3': 2.794503351739276e-06}",0.9724776739226952,1.0456096914255109,0.30019569375049576,0.2978409264864488,0.2680086735816799,0.9689183864664463,0.6064753745316989,-0.025679009967346244,0.0012146496563640514,2.307163444818112,0.009056025539281292,0.3920555114746094,0.47942352294921875,-0.5873511629747294
Full_objective,7,30307,1.0,1.0,2.494417121731682,"{'c1': 0.041452305242112616, 'c2': 0.46213219349890483, 'c3': 2.8225405412528026e-06}",0.9717833275338877,1.046353405190566,0.3003289259799519,0.2974773501494736,0.26632851630826926,0.9683975853738872,0.6066423686583927,-0.02559231249374815,0.0012140502472773034,2.303726249901107,0.009052809941777469,0.3929100036621094,0.47956085205078125,-0.5870682544315396
Full_objective,8,30308,1.0,1.0,2.4666269808374945,"{'c1': 0.04216492728353846, 'c2': 0.445252245621528, 'c3': 2.7883890703068193e-06}",0.9730456147706106,1.0451187974921075,0.30048429640215757,0.2967602482307084,0.2630766571388993,0.9673742089658911,0.6069050605066945,-0.025829592650498997,0.0012022166486370539,2.317064609003205,0.00905983051724112,0.39429473876953125,0.48004150390625,-0.5865290899177847
Full_objective,9,30309,1.0,1.0,2.3632826414356742,"{'c1': 0.038988640156302073, 'c2': 0.46538709386470056, 'c3': 2.8491240915795906e-06}",0.9722402989116296,1.0459028534556214,0.2999755061963271,0.29828024322840324,0.27007597727061783,0.9695526300364098,0.606238245085003,-0.02561207007706065,0.0012202281594704792,2.302749059186014,0.009055886298765813,0.3909454345703125,0.479156494140625,-0.5877044976173514
Full_objective,10,30310,1.0,1.0,2.6757434283406165,"{'c1': 0.040915398467588446, 'c2': 0.4883205073989808, 'c3': 2.8397163758910354e-06}",0.9697197588372686,1.048651996288112,0.2999763395977417,0.29828388102135206,0.2700690062068208,0.9695504948485589,0.6062390536669386,-0.025208168623156682,0.0012314570468809412,2.2826540145978793,0.009053315007710854,0.39093017578125,0.4791526794433594,-0.5877037068531097
Full_objective,11,30311,1.0,1.0,2.484428972807983,"{'c1': 0.041112450508870274, 'c2': 0.4600235412582941, 'c3': 2.8177318021925646e-06}",0.9720656723801804,1.0460459992999234,0.3003143326963247,0.29752282168712535,0.26653903537566787,0.9684631214148267,0.6066226589242444,-0.02563403137869677,0.0012132902928479765,2.305685659390444,0.009053975589973456,0.39278411865234375,0.4795494079589844,-0.5871034882578444
